Date,Title,Debate_Link,Related_Category,Related_Link
"October 01, 2024",Vice Presidential Debate in New York City,https://www.presidency.ucsb.edu/documents/vice-presidential-debate-new-york-city,Presidential Candidate Debates,https://www.presidency.ucsb.edu/people/other/presidential-candidate-debates
"October 01, 2024",Vice Presidential Debate in New York City,https://www.presidency.ucsb.edu/documents/vice-presidential-debate-new-york-city,Presidential Candidate Debates,https://www.presidency.ucsb.edu/people/other/presidential-candidate-debates
"September 10, 2024","Presidential Debate in Philadelphia, Pennsylvania",https://www.presidency.ucsb.edu/documents/presidential-debate-philadelphia-pennsylvania,Presidential Candidate Debates,https://www.presidency.ucsb.edu/people/other/presidential-candidate-debates
"June 27, 2024","Presidential Debate in Atlanta, Georgia",https://www.presidency.ucsb.edu/documents/presidential-debate-atlanta-georgia,"Joseph R. Biden, Jr.",https://www.presidency.ucsb.edu/people/president/joseph-r-biden-jr
"January 10, 2024","Republican Candidates Debate in Des Moines, Iowa",https://www.presidency.ucsb.edu/documents/republican-candidates-debate-des-moines-iowa-1,Presidential Candidate Debates,https://www.presidency.ucsb.edu/people/other/presidential-candidate-debates
"December 06, 2023","Republican Candidates Debate in Tuscaloosa, Alabama",https://www.presidency.ucsb.edu/documents/republican-candidates-debate-tuscaloosa-alabama,Presidential Candidate Debates,https://www.presidency.ucsb.edu/people/other/presidential-candidate-debates
"November 08, 2023","Republican Candidates Debate in Miami, Florida",https://www.presidency.ucsb.edu/documents/republican-candidates-debate-miami-florida-0,Presidential Candidate Debates,https://www.presidency.ucsb.edu/people/other/presidential-candidate-debates
"September 27, 2023","Republican Candidates Debate in Simi Valley, California",https://www.presidency.ucsb.edu/documents/republican-candidates-debate-simi-valley-california-1,Presidential Candidate Debates,https://www.presidency.ucsb.edu/people/other/presidential-candidate-debates
"August 23, 2023","Republican Candidates Debate in Milwaukee, Wisconsin",https://www.presidency.ucsb.edu/documents/republican-candidates-debate-milwaukee-wisconsin-0,Presidential Candidate Debates,https://www.presidency.ucsb.edu/people/other/presidential-candidate-debates
"October 22, 2020","Presidential Debate at Belmont University in Nashville, Tennessee",https://www.presidency.ucsb.edu/documents/presidential-debate-belmont-university-nashville-tennessee-0,Donald J. Trump (1st Term),https://www.presidency.ucsb.edu/people/president/donald-j-trump-1st-term
"October 07, 2020",Vice Presidential Debate the University of Utah in Salt Lake City,https://www.presidency.ucsb.edu/documents/vice-presidential-debate-the-university-utah-salt-lake-city,Presidential Candidate Debates,https://www.presidency.ucsb.edu/people/other/presidential-candidate-debates
"September 29, 2020","Presidential Debate at Case Western Reserve University in Cleveland, Ohio",https://www.presidency.ucsb.edu/documents/presidential-debate-case-western-reserve-university-cleveland-ohio,Donald J. Trump (1st Term),https://www.presidency.ucsb.edu/people/president/donald-j-trump-1st-term
"March 15, 2020","Democratic Candidates Debate in Washington, DC",https://www.presidency.ucsb.edu/documents/democratic-candidates-debate-washington-dc,Presidential Candidate Debates,https://www.presidency.ucsb.edu/people/other/presidential-candidate-debates
"February 25, 2020","Democratic Candidates Debate in Charleston, South Carolina",https://www.presidency.ucsb.edu/documents/democratic-candidates-debate-charleston-south-carolina-0,Presidential Candidate Debates,https://www.presidency.ucsb.edu/people/other/presidential-candidate-debates
"February 19, 2020","Democratic Candidates Debate in Las Vegas, Nevada",https://www.presidency.ucsb.edu/documents/democratic-candidates-debate-las-vegas-nevada-0,Presidential Candidate Debates,https://www.presidency.ucsb.edu/people/other/presidential-candidate-debates
"February 07, 2020","Democratic Candidates Debate in Manchester, New Hampshire",https://www.presidency.ucsb.edu/documents/democratic-candidates-debate-manchester-new-hampshire-0,Presidential Candidate Debates,https://www.presidency.ucsb.edu/people/other/presidential-candidate-debates
"January 14, 2020","Democratic Candidates Debate in Des Moines, Iowa",https://www.presidency.ucsb.edu/documents/democratic-candidates-debate-des-moines-iowa-0,Presidential Candidate Debates,https://www.presidency.ucsb.edu/people/other/presidential-candidate-debates
"December 19, 2019","Democratic Candidates Debate in Los Angeles, California",https://www.presidency.ucsb.edu/documents/democratic-candidates-debate-los-angeles-california,Presidential Candidate Debates,https://www.presidency.ucsb.edu/people/other/presidential-candidate-debates
"November 20, 2019","Democratic Candidates Debate in Atlanta, Georgia",https://www.presidency.ucsb.edu/documents/democratic-candidates-debate-atlanta-georgia,Presidential Candidate Debates,https://www.presidency.ucsb.edu/people/other/presidential-candidate-debates
"October 15, 2019","Democratic Candidates Debate in Westerville, Ohio",https://www.presidency.ucsb.edu/documents/democratic-candidates-debate-westerville-ohio,Presidential Candidate Debates,https://www.presidency.ucsb.edu/people/other/presidential-candidate-debates
"September 12, 2019","Democratic Candidates Debate in Houston, Texas",https://www.presidency.ucsb.edu/documents/democratic-candidates-debate-houston-texas,Presidential Candidate Debates,https://www.presidency.ucsb.edu/people/other/presidential-candidate-debates
"July 31, 2019","Democratic Candidates Debate in Detroit, Michigan: Group 2",https://www.presidency.ucsb.edu/documents/democratic-candidates-debate-detroit-michigan-group-2,Presidential Candidate Debates,https://www.presidency.ucsb.edu/people/other/presidential-candidate-debates
"July 30, 2019","Democratic Candidates Debate in Detroit, Michigan: Group 1",https://www.presidency.ucsb.edu/documents/democratic-candidates-debate-detroit-michigan-group-1,Presidential Candidate Debates,https://www.presidency.ucsb.edu/people/other/presidential-candidate-debates
"June 27, 2019","Democratic Candidates Debate in Miami, Florida: Group 2",https://www.presidency.ucsb.edu/documents/democratic-candidates-debate-miami-florida-group-2,Presidential Candidate Debates,https://www.presidency.ucsb.edu/people/other/presidential-candidate-debates
"June 26, 2019","Democratic Candidates Debate in Miami, Florida: Group 1",https://www.presidency.ucsb.edu/documents/democratic-candidates-debate-miami-florida-group-1,Presidential Candidate Debates,https://www.presidency.ucsb.edu/people/other/presidential-candidate-debates
"October 19, 2016",Presidential Debate at the University of Nevada in Las Vegas,https://www.presidency.ucsb.edu/documents/presidential-debate-the-university-nevada-las-vegas,Presidential Candidate Debates,https://www.presidency.ucsb.edu/people/other/presidential-candidate-debates
"October 09, 2016","Presidential Debate at Washington University in St. Louis, Missouri",https://www.presidency.ucsb.edu/documents/presidential-debate-washington-university-st-louis-missouri,Presidential Candidate Debates,https://www.presidency.ucsb.edu/people/other/presidential-candidate-debates
"October 04, 2016","Vice Presidential Debate at Longwood University in Farmville, Virginia",https://www.presidency.ucsb.edu/documents/vice-presidential-debate-longwood-university-farmville-virginia,Presidential Candidate Debates,https://www.presidency.ucsb.edu/people/other/presidential-candidate-debates
"September 26, 2016","Presidential Debate at Hofstra University in Hempstead, New York",https://www.presidency.ucsb.edu/documents/presidential-debate-hofstra-university-hempstead-new-york-0,Presidential Candidate Debates,https://www.presidency.ucsb.edu/people/other/presidential-candidate-debates
"April 14, 2016","Democratic Candidates Debate in Brooklyn, New York",https://www.presidency.ucsb.edu/documents/democratic-candidates-debate-brooklyn-new-york,Presidential Candidate Debates,https://www.presidency.ucsb.edu/people/other/presidential-candidate-debates
"March 10, 2016","Republican Candidates Debate in Miami, Florida",https://www.presidency.ucsb.edu/documents/republican-candidates-debate-miami-florida,Presidential Candidate Debates,https://www.presidency.ucsb.edu/people/other/presidential-candidate-debates
"March 09, 2016","Democratic Candidates Debate in Miami, Florida",https://www.presidency.ucsb.edu/documents/democratic-candidates-debate-miami-florida,Presidential Candidate Debates,https://www.presidency.ucsb.edu/people/other/presidential-candidate-debates
"March 06, 2016","Democratic Candidates Debate in Flint, Michigan",https://www.presidency.ucsb.edu/documents/democratic-candidates-debate-flint-michigan,Presidential Candidate Debates,https://www.presidency.ucsb.edu/people/other/presidential-candidate-debates
"March 03, 2016","Republican Candidates Debate in Detroit, Michigan",https://www.presidency.ucsb.edu/documents/republican-candidates-debate-detroit-michigan,Presidential Candidate Debates,https://www.presidency.ucsb.edu/people/other/presidential-candidate-debates
"February 25, 2016","Republican Candidates Debate in Houston, Texas",https://www.presidency.ucsb.edu/documents/republican-candidates-debate-houston-texas,Presidential Candidate Debates,https://www.presidency.ucsb.edu/people/other/presidential-candidate-debates
"February 13, 2016","Republican Candidates Debate in Greenville, South Carolina",https://www.presidency.ucsb.edu/documents/republican-candidates-debate-greenville-south-carolina,Presidential Candidate Debates,https://www.presidency.ucsb.edu/people/other/presidential-candidate-debates
"February 11, 2016","Democratic Candidates Debate in Milwaukee, Wisconsin",https://www.presidency.ucsb.edu/documents/democratic-candidates-debate-milwaukee-wisconsin,Presidential Candidate Debates,https://www.presidency.ucsb.edu/people/other/presidential-candidate-debates
"February 06, 2016","Republican Candidates Debate in Manchester, New Hampshire",https://www.presidency.ucsb.edu/documents/republican-candidates-debate-manchester-new-hampshire-0,Presidential Candidate Debates,https://www.presidency.ucsb.edu/people/other/presidential-candidate-debates
"February 04, 2016","Democratic Candidates Debate in Durham, New Hampshire",https://www.presidency.ucsb.edu/documents/democratic-candidates-debate-durham-new-hampshire,Presidential Candidate Debates,https://www.presidency.ucsb.edu/people/other/presidential-candidate-debates
"January 28, 2016","Republican Candidates Debate in Des Moines, Iowa",https://www.presidency.ucsb.edu/documents/republican-candidates-debate-des-moines-iowa-0,Presidential Candidate Debates,https://www.presidency.ucsb.edu/people/other/presidential-candidate-debates
"January 28, 2016","Republican Candidates ""Undercard"" Debate in Des Moines, Iowa",https://www.presidency.ucsb.edu/documents/republican-candidates-undercard-debate-des-moines-iowa,Presidential Candidate Debates,https://www.presidency.ucsb.edu/people/other/presidential-candidate-debates
"January 25, 2016","Democratic Candidates Forum at Drake University in Des Moines, Iowa",https://www.presidency.ucsb.edu/documents/democratic-candidates-forum-drake-university-des-moines-iowa,Presidential Candidate Debates,https://www.presidency.ucsb.edu/people/other/presidential-candidate-debates
"January 17, 2016","Democratic Candidates Debate in Charleston, South Carolina",https://www.presidency.ucsb.edu/documents/democratic-candidates-debate-charleston-south-carolina,Presidential Candidate Debates,https://www.presidency.ucsb.edu/people/other/presidential-candidate-debates
"January 14, 2016","Republican Candidates Debate in North Charleston, South Carolina",https://www.presidency.ucsb.edu/documents/republican-candidates-debate-north-charleston-south-carolina,Presidential Candidate Debates,https://www.presidency.ucsb.edu/people/other/presidential-candidate-debates
"January 14, 2016","Republican Candidates ""Undercard"" Debate in North Charleston, South Carolina",https://www.presidency.ucsb.edu/documents/republican-candidates-undercard-debate-north-charleston-south-carolina,Presidential Candidate Debates,https://www.presidency.ucsb.edu/people/other/presidential-candidate-debates
"December 19, 2015","Democratic Candidates Debate in Manchester, New Hampshire",https://www.presidency.ucsb.edu/documents/democratic-candidates-debate-manchester-new-hampshire,Presidential Candidate Debates,https://www.presidency.ucsb.edu/people/other/presidential-candidate-debates
"December 15, 2015","Republican Candidates Debate in Las Vegas, Nevada",https://www.presidency.ucsb.edu/documents/republican-candidates-debate-las-vegas-nevada-0,Presidential Candidate Debates,https://www.presidency.ucsb.edu/people/other/presidential-candidate-debates
"December 15, 2015","Republican Candidates ""Undercard"" Debate in Las Vegas, Nevada",https://www.presidency.ucsb.edu/documents/republican-candidates-undercard-debate-las-vegas-nevada,Presidential Candidate Debates,https://www.presidency.ucsb.edu/people/other/presidential-candidate-debates
"November 14, 2015","Democratic Candidates Debate in Des Moines, Iowa",https://www.presidency.ucsb.edu/documents/democratic-candidates-debate-des-moines-iowa,Presidential Candidate Debates,https://www.presidency.ucsb.edu/people/other/presidential-candidate-debates
"November 10, 2015","Republican Candidates Debate in Milwaukee, Wisconsin",https://www.presidency.ucsb.edu/documents/republican-candidates-debate-milwaukee-wisconsin,Presidential Candidate Debates,https://www.presidency.ucsb.edu/people/other/presidential-candidate-debates
"November 10, 2015","Republican Candidates ""Undercard"" Debate in Milwaukee, Wisconsin",https://www.presidency.ucsb.edu/documents/republican-candidates-undercard-debate-milwaukee-wisconsin,Presidential Candidate Debates,https://www.presidency.ucsb.edu/people/other/presidential-candidate-debates
"October 28, 2015","Republican Candidates Debate in Boulder, Colorado",https://www.presidency.ucsb.edu/documents/republican-candidates-debate-boulder-colorado,Presidential Candidate Debates,https://www.presidency.ucsb.edu/people/other/presidential-candidate-debates
"October 28, 2015","Republican Candidates ""Undercard"" Debate in Boulder, Colorado",https://www.presidency.ucsb.edu/documents/republican-candidates-undercard-debate-boulder-colorado,Presidential Candidate Debates,https://www.presidency.ucsb.edu/people/other/presidential-candidate-debates
"October 13, 2015","Democratic Candidates Debate in Las Vegas, Nevada",https://www.presidency.ucsb.edu/documents/democratic-candidates-debate-las-vegas-nevada,Presidential Candidate Debates,https://www.presidency.ucsb.edu/people/other/presidential-candidate-debates
"September 16, 2015","Republican Candidates Debate in Simi Valley, California",https://www.presidency.ucsb.edu/documents/republican-candidates-debate-simi-valley-california-0,Presidential Candidate Debates,https://www.presidency.ucsb.edu/people/other/presidential-candidate-debates
"September 16, 2015","Republican Candidates ""Undercard"" Debate in Simi Valley, California",https://www.presidency.ucsb.edu/documents/republican-candidates-undercard-debate-simi-valley-california,Presidential Candidate Debates,https://www.presidency.ucsb.edu/people/other/presidential-candidate-debates
"August 06, 2015","Republican Candidates Debate in Cleveland, Ohio",https://www.presidency.ucsb.edu/documents/republican-candidates-debate-cleveland-ohio,Presidential Candidate Debates,https://www.presidency.ucsb.edu/people/other/presidential-candidate-debates
"August 06, 2015","Republican Candidates ""Undercard"" Debate in Cleveland, Ohio",https://www.presidency.ucsb.edu/documents/republican-candidates-undercard-debate-cleveland-ohio,Presidential Candidate Debates,https://www.presidency.ucsb.edu/people/other/presidential-candidate-debates
"October 22, 2012","Presidential Debate in Boca Raton, Florida",https://www.presidency.ucsb.edu/documents/presidential-debate-boca-raton-florida,Barack Obama,https://www.presidency.ucsb.edu/people/president/barack-obama
"October 16, 2012","Presidential Debate in Hempstead, New York",https://www.presidency.ucsb.edu/documents/presidential-debate-hempstead-new-york,Barack Obama,https://www.presidency.ucsb.edu/people/president/barack-obama
"October 11, 2012","Vice Presidential Debate at Centre College in Danville, Kentucky",https://www.presidency.ucsb.edu/documents/vice-presidential-debate-centre-college-danville-kentucky,Presidential Candidate Debates,https://www.presidency.ucsb.edu/people/other/presidential-candidate-debates
"October 03, 2012","Presidential Debate in Denver, Colorado",https://www.presidency.ucsb.edu/documents/presidential-debate-denver-colorado,Barack Obama,https://www.presidency.ucsb.edu/people/president/barack-obama
"February 22, 2012","Republican Candidates Debate in Mesa, Arizona",https://www.presidency.ucsb.edu/documents/republican-candidates-debate-mesa-arizona,Presidential Candidate Debates,https://www.presidency.ucsb.edu/people/other/presidential-candidate-debates
"January 26, 2012","Republican Candidates Debate in Jacksonville, Florida",https://www.presidency.ucsb.edu/documents/republican-candidates-debate-jacksonville-florida,Presidential Candidate Debates,https://www.presidency.ucsb.edu/people/other/presidential-candidate-debates
"January 23, 2012","Republican Candidates Debate in Tampa, Florida",https://www.presidency.ucsb.edu/documents/republican-candidates-debate-tampa-florida,Presidential Candidate Debates,https://www.presidency.ucsb.edu/people/other/presidential-candidate-debates
"January 19, 2012","Republican Candidates Debate in Charleston, South Carolina",https://www.presidency.ucsb.edu/documents/republican-candidates-debate-charleston-south-carolina,Presidential Candidate Debates,https://www.presidency.ucsb.edu/people/other/presidential-candidate-debates
"January 16, 2012","Republican Candidates Debate in Myrtle Beach, South Carolina",https://www.presidency.ucsb.edu/documents/republican-candidates-debate-myrtle-beach-south-carolina,Presidential Candidate Debates,https://www.presidency.ucsb.edu/people/other/presidential-candidate-debates
"January 08, 2012","Republican Candidates Debate in Concord, New Hampshire",https://www.presidency.ucsb.edu/documents/republican-candidates-debate-concord-new-hampshire,Presidential Candidate Debates,https://www.presidency.ucsb.edu/people/other/presidential-candidate-debates
"January 07, 2012","Republican Candidates Debate in Manchester, New Hampshire",https://www.presidency.ucsb.edu/documents/republican-candidates-debate-manchester-new-hampshire,Presidential Candidate Debates,https://www.presidency.ucsb.edu/people/other/presidential-candidate-debates
"December 15, 2011","Republican Candidates Debate in Sioux City, Iowa",https://www.presidency.ucsb.edu/documents/republican-candidates-debate-sioux-city-iowa,Presidential Candidate Debates,https://www.presidency.ucsb.edu/people/other/presidential-candidate-debates
"December 10, 2011","Republican Candidates Debate in Des Moines, Iowa",https://www.presidency.ucsb.edu/documents/republican-candidates-debate-des-moines-iowa,Presidential Candidate Debates,https://www.presidency.ucsb.edu/people/other/presidential-candidate-debates
"November 22, 2011","Republican Candidates Debate in Washington, DC",https://www.presidency.ucsb.edu/documents/republican-candidates-debate-washington-dc,Presidential Candidate Debates,https://www.presidency.ucsb.edu/people/other/presidential-candidate-debates
"November 12, 2011","Republican Candidates Debate in Spartanburg, South Carolina",https://www.presidency.ucsb.edu/documents/republican-candidates-debate-spartanburg-south-carolina,Presidential Candidate Debates,https://www.presidency.ucsb.edu/people/other/presidential-candidate-debates
"November 09, 2011","Republican Candidates Debate in Rochester, Michigan",https://www.presidency.ucsb.edu/documents/republican-candidates-debate-rochester-michigan,Presidential Candidate Debates,https://www.presidency.ucsb.edu/people/other/presidential-candidate-debates
"October 18, 2011","Republican Candidates Debate in Las Vegas, Nevada",https://www.presidency.ucsb.edu/documents/republican-candidates-debate-las-vegas-nevada,Presidential Candidate Debates,https://www.presidency.ucsb.edu/people/other/presidential-candidate-debates
"October 11, 2011","Republican Candidates Debate in Hanover, New Hampshire",https://www.presidency.ucsb.edu/documents/republican-candidates-debate-hanover-new-hampshire,Presidential Candidate Debates,https://www.presidency.ucsb.edu/people/other/presidential-candidate-debates
"September 22, 2011","Republican Candidates Debate in Orlando, Florida",https://www.presidency.ucsb.edu/documents/republican-candidates-debate-orlando-florida,Presidential Candidate Debates,https://www.presidency.ucsb.edu/people/other/presidential-candidate-debates
"September 12, 2011","Republican Candidates Debate in Tampa, Florida",https://www.presidency.ucsb.edu/documents/republican-candidates-debate-tampa-florida-0,Presidential Candidate Debates,https://www.presidency.ucsb.edu/people/other/presidential-candidate-debates
"September 07, 2011","Republican Candidates Debate in Simi Valley, California",https://www.presidency.ucsb.edu/documents/republican-candidates-debate-simi-valley-california,Presidential Candidate Debates,https://www.presidency.ucsb.edu/people/other/presidential-candidate-debates
"September 05, 2011","Palmetto Freedom Forum in Columbia, South Carolina",https://www.presidency.ucsb.edu/documents/palmetto-freedom-forum-columbia-south-carolina,Presidential Candidate Debates,https://www.presidency.ucsb.edu/people/other/presidential-candidate-debates
"August 11, 2011","Republican Presidential Candidates Debate in Ames, Iowa",https://www.presidency.ucsb.edu/documents/republican-presidential-candidates-debate-ames-iowa,Presidential Candidate Debates,https://www.presidency.ucsb.edu/people/other/presidential-candidate-debates
"June 13, 2011","Republican Candidates Debate at Saint Anselm College in Manchester, New Hampshire",https://www.presidency.ucsb.edu/documents/republican-candidates-debate-saint-anselm-college-manchester-new-hampshire,Presidential Candidate Debates,https://www.presidency.ucsb.edu/people/other/presidential-candidate-debates
"October 15, 2008","Presidential Debate at Hofstra University in Hempstead, New York",https://www.presidency.ucsb.edu/documents/presidential-debate-hofstra-university-hempstead-new-york,Presidential Candidate Debates,https://www.presidency.ucsb.edu/people/other/presidential-candidate-debates
"October 07, 2008","Presidential Debate at Belmont University in Nashville, Tennessee",https://www.presidency.ucsb.edu/documents/presidential-debate-belmont-university-nashville-tennessee,Presidential Candidate Debates,https://www.presidency.ucsb.edu/people/other/presidential-candidate-debates
"October 02, 2008",Vice-Presidential Debate at Washington University in St. Louis,https://www.presidency.ucsb.edu/documents/vice-presidential-debate-washington-university-st-louis,Presidential Candidate Debates,https://www.presidency.ucsb.edu/people/other/presidential-candidate-debates
"September 26, 2008",Presidential Debate at the University of Mississippi in Oxford,https://www.presidency.ucsb.edu/documents/presidential-debate-the-university-mississippi-oxford,Presidential Candidate Debates,https://www.presidency.ucsb.edu/people/other/presidential-candidate-debates
"April 16, 2008",Democratic Presidential Candidates Debate in Philadelphia,https://www.presidency.ucsb.edu/documents/democratic-presidential-candidates-debate-philadelphia,Presidential Candidate Debates,https://www.presidency.ucsb.edu/people/other/presidential-candidate-debates
"February 26, 2008",Democratic Presidential Candidates Debate at Cleveland State University,https://www.presidency.ucsb.edu/documents/democratic-presidential-candidates-debate-cleveland-state-university,Presidential Candidate Debates,https://www.presidency.ucsb.edu/people/other/presidential-candidate-debates
"February 21, 2008",Democratic Presidential Candidates Debate at the University of Texas in Austin,https://www.presidency.ucsb.edu/documents/democratic-presidential-candidates-debate-the-university-texas-austin,Presidential Candidate Debates,https://www.presidency.ucsb.edu/people/other/presidential-candidate-debates
"January 31, 2008","Democratic Presidential Candidates Debate in Los Angeles, California",https://www.presidency.ucsb.edu/documents/democratic-presidential-candidates-debate-los-angeles-california,Presidential Candidate Debates,https://www.presidency.ucsb.edu/people/other/presidential-candidate-debates
"January 30, 2008","Republican Presidential Candidates Debate in Simi Valley, California",https://www.presidency.ucsb.edu/documents/republican-presidential-candidates-debate-simi-valley-california,Presidential Candidate Debates,https://www.presidency.ucsb.edu/people/other/presidential-candidate-debates
"January 24, 2008","Republican Presidential Candidates Debate in Boca Raton, Florida",https://www.presidency.ucsb.edu/documents/republican-presidential-candidates-debate-boca-raton-florida,Presidential Candidate Debates,https://www.presidency.ucsb.edu/people/other/presidential-candidate-debates
"January 21, 2008","Democratic Presidential Candidates Debate in Myrtle Beach, South Carolina",https://www.presidency.ucsb.edu/documents/democratic-presidential-candidates-debate-myrtle-beach-south-carolina,Presidential Candidate Debates,https://www.presidency.ucsb.edu/people/other/presidential-candidate-debates
"January 15, 2008","Democratic Presidential Candidates Debate in Las Vegas, Nevada",https://www.presidency.ucsb.edu/documents/democratic-presidential-candidates-debate-las-vegas-nevada,Presidential Candidate Debates,https://www.presidency.ucsb.edu/people/other/presidential-candidate-debates
"January 10, 2008","Republican Presidential Candidates Debate in Myrtle Beach, South Carolina",https://www.presidency.ucsb.edu/documents/republican-presidential-candidates-debate-myrtle-beach-south-carolina,Presidential Candidate Debates,https://www.presidency.ucsb.edu/people/other/presidential-candidate-debates
"January 06, 2008","Republican Presidential Candidates Forum in Milford, New Hampshire",https://www.presidency.ucsb.edu/documents/republican-presidential-candidates-forum-milford-new-hampshire,Presidential Candidate Debates,https://www.presidency.ucsb.edu/people/other/presidential-candidate-debates
"January 05, 2008","Democratic Presidential Candidates Debate in Manchester, New Hampshire",https://www.presidency.ucsb.edu/documents/democratic-presidential-candidates-debate-manchester-new-hampshire-0,Presidential Candidate Debates,https://www.presidency.ucsb.edu/people/other/presidential-candidate-debates
"January 05, 2008","Republican Presidential Candidates Debate in Manchester, New Hampshire",https://www.presidency.ucsb.edu/documents/republican-presidential-candidates-debate-manchester-new-hampshire,Presidential Candidate Debates,https://www.presidency.ucsb.edu/people/other/presidential-candidate-debates
"December 13, 2007","Democratic Presidential Candidates Debate in Johnston, Iowa",https://www.presidency.ucsb.edu/documents/democratic-presidential-candidates-debate-johnston-iowa,Presidential Candidate Debates,https://www.presidency.ucsb.edu/people/other/presidential-candidate-debates
"December 12, 2007","Republican Presidential Candidates Debate in Johnston, Iowa",https://www.presidency.ucsb.edu/documents/republican-presidential-candidates-debate-johnston-iowa-0,Presidential Candidate Debates,https://www.presidency.ucsb.edu/people/other/presidential-candidate-debates
"December 09, 2007",Republican Presidential Candidates Debate at the University of Miami,https://www.presidency.ucsb.edu/documents/republican-presidential-candidates-debate-the-university-miami,Presidential Candidate Debates,https://www.presidency.ucsb.edu/people/other/presidential-candidate-debates
"December 04, 2007","Democratic Candidates' Radio Debate in Des Monies, Iowa",https://www.presidency.ucsb.edu/documents/democratic-candidates-radio-debate-des-monies-iowa,Presidential Candidate Debates,https://www.presidency.ucsb.edu/people/other/presidential-candidate-debates
"November 28, 2007","Republican Presidential Candidates Debate at the Progress Energy Center for the Arts in St. Petersburg, Florida",https://www.presidency.ucsb.edu/documents/republican-presidential-candidates-debate-the-progress-energy-center-for-the-arts-st,Presidential Candidate Debates,https://www.presidency.ucsb.edu/people/other/presidential-candidate-debates
"November 15, 2007",Democratic Presidential Candidates Debate at the University of Nevada in Las Vegas,https://www.presidency.ucsb.edu/documents/democratic-presidential-candidates-debate-the-university-nevada-las-vegas,Presidential Candidate Debates,https://www.presidency.ucsb.edu/people/other/presidential-candidate-debates
"October 30, 2007","Democratic Presidential Candidates Debate at Drexel University in Philadelphia, Pennsylvania",https://www.presidency.ucsb.edu/documents/democratic-presidential-candidates-debate-drexel-university-philadelphia-pennsylvania,Presidential Candidate Debates,https://www.presidency.ucsb.edu/people/other/presidential-candidate-debates
"October 21, 2007",Republican Presidential Candidates Debate at the Shingle Creek Resort in Orlando,https://www.presidency.ucsb.edu/documents/republican-presidential-candidates-debate-the-shingle-creek-resort-orlando,Presidential Candidate Debates,https://www.presidency.ucsb.edu/people/other/presidential-candidate-debates
"October 09, 2007",Republican Presidential Candidates Debate at the University of Michigan in Dearborn,https://www.presidency.ucsb.edu/documents/republican-presidential-candidates-debate-the-university-michigan-dearborn,Presidential Candidate Debates,https://www.presidency.ucsb.edu/people/other/presidential-candidate-debates
"September 27, 2007","Republican Candidates ""All-American Presidential Forum"" at Morgan State University in Baltimore",https://www.presidency.ucsb.edu/documents/republican-candidates-all-american-presidential-forum-morgan-state-university-baltimore,Presidential Candidate Debates,https://www.presidency.ucsb.edu/people/other/presidential-candidate-debates
"September 26, 2007","Democratic Presidential Candidates Debate at Dartmouth College in Hanover, New Hampshire",https://www.presidency.ucsb.edu/documents/democratic-presidential-candidates-debate-dartmouth-college-hanover-new-hampshire,Presidential Candidate Debates,https://www.presidency.ucsb.edu/people/other/presidential-candidate-debates
"September 09, 2007",Democratic Presidential Candidates Debate at the University of Miami,https://www.presidency.ucsb.edu/documents/democratic-presidential-candidates-debate-the-university-miami,Presidential Candidate Debates,https://www.presidency.ucsb.edu/people/other/presidential-candidate-debates
"September 05, 2007",Republican Presidential Candidates Debate at the University of New Hampshire in Durham,https://www.presidency.ucsb.edu/documents/republican-presidential-candidates-debate-the-university-new-hampshire-durham,Presidential Candidate Debates,https://www.presidency.ucsb.edu/people/other/presidential-candidate-debates
"August 19, 2007","Democratic Presidential Candidates Debate at Drake University in Des Moines, Iowa",https://www.presidency.ucsb.edu/documents/democratic-presidential-candidates-debate-drake-university-des-moines-iowa,Presidential Candidate Debates,https://www.presidency.ucsb.edu/people/other/presidential-candidate-debates
"August 07, 2007","AFL-CIO Democratic Presidential Candidates Forum at Soldier Field in Chicago, Illinois",https://www.presidency.ucsb.edu/documents/afl-cio-democratic-presidential-candidates-forum-soldier-field-chicago-illinois,Presidential Candidate Debates,https://www.presidency.ucsb.edu/people/other/presidential-candidate-debates
"August 05, 2007","Republican Presidential Candidates Debate at Drake University in Des Monies, Iowa",https://www.presidency.ucsb.edu/documents/republican-presidential-candidates-debate-drake-university-des-monies-iowa,Presidential Candidate Debates,https://www.presidency.ucsb.edu/people/other/presidential-candidate-debates
"July 23, 2007","Democratic Presidential Candidates Debate at The Citadel in Charleston, South Carolina",https://www.presidency.ucsb.edu/documents/democratic-presidential-candidates-debate-the-citadel-charleston-south-carolina,Presidential Candidate Debates,https://www.presidency.ucsb.edu/people/other/presidential-candidate-debates
"June 28, 2007","Democratic Candidates ""All-American Presidential Forum"" at Howard University in Washington, DC",https://www.presidency.ucsb.edu/documents/democratic-candidates-all-american-presidential-forum-howard-university-washington-dc,Presidential Candidate Debates,https://www.presidency.ucsb.edu/people/other/presidential-candidate-debates
"June 05, 2007","Republican Presidential Candidates Debate at Saint Anselm College in Manchester, New Hampshire",https://www.presidency.ucsb.edu/documents/republican-presidential-candidates-debate-saint-anselm-college-manchester-new-hampshire,Presidential Candidate Debates,https://www.presidency.ucsb.edu/people/other/presidential-candidate-debates
"June 03, 2007","Democratic Presidential Candidates Debate at Saint Anselm College in Manchester, New Hampshire",https://www.presidency.ucsb.edu/documents/democratic-presidential-candidates-debate-saint-anselm-college-manchester-new-hampshire,Presidential Candidate Debates,https://www.presidency.ucsb.edu/people/other/presidential-candidate-debates
"May 15, 2007",Republican Presidential Candidates Debate at the University of South Carolina,https://www.presidency.ucsb.edu/documents/republican-presidential-candidates-debate-the-university-south-carolina,Presidential Candidate Debates,https://www.presidency.ucsb.edu/people/other/presidential-candidate-debates
"May 03, 2007","Republican Presidential Candidates Debate at the Ronald Reagan Library and Museum in Simi Valley, California",https://www.presidency.ucsb.edu/documents/republican-presidential-candidates-debate-the-ronald-reagan-library-and-museum-simi-valley,Presidential Candidate Debates,https://www.presidency.ucsb.edu/people/other/presidential-candidate-debates
"April 26, 2007",Democratic Presidential Candidates Debate at South Carolina State University in Orangeburg,https://www.presidency.ucsb.edu/documents/democratic-presidential-candidates-debate-south-carolina-state-university-orangeburg,Presidential Candidate Debates,https://www.presidency.ucsb.edu/people/other/presidential-candidate-debates
"October 13, 2004","Presidential Debate in Tempe, Arizona",https://www.presidency.ucsb.edu/documents/presidential-debate-tempe-arizona,George W. Bush,https://www.presidency.ucsb.edu/people/president/george-w-bush
"October 08, 2004","Presidential Debate in St. Louis, Missouri",https://www.presidency.ucsb.edu/documents/presidential-debate-st-louis-missouri,George W. Bush,https://www.presidency.ucsb.edu/people/president/george-w-bush
"October 05, 2004",Vice-Presidential Debate at Case Western Reserve University in Cleveland,https://www.presidency.ucsb.edu/documents/vice-presidential-debate-case-western-reserve-university-cleveland,Presidential Candidate Debates,https://www.presidency.ucsb.edu/people/other/presidential-candidate-debates
"September 30, 2004","Presidential Debate in Coral Gables, Florida",https://www.presidency.ucsb.edu/documents/presidential-debate-coral-gables-florida,George W. Bush,https://www.presidency.ucsb.edu/people/president/george-w-bush
"January 29, 2004","Democratic Presidential Candidates Debate in Greenville, South Carolina",https://www.presidency.ucsb.edu/documents/democratic-presidential-candidates-debate-greenville-south-carolina,Presidential Candidate Debates,https://www.presidency.ucsb.edu/people/other/presidential-candidate-debates
"January 22, 2004","Democratic Presidential Candidates Debate in Manchester, New Hampshire",https://www.presidency.ucsb.edu/documents/democratic-presidential-candidates-debate-manchester-new-hampshire,Presidential Candidate Debates,https://www.presidency.ucsb.edu/people/other/presidential-candidate-debates
"October 17, 2000",Presidential Debate in St. Louis,https://www.presidency.ucsb.edu/documents/presidential-debate-st-louis-0,Presidential Candidate Debates,https://www.presidency.ucsb.edu/people/other/presidential-candidate-debates
"October 11, 2000","Presidential Debate in Winston-Salem, North Carolina",https://www.presidency.ucsb.edu/documents/presidential-debate-winston-salem-north-carolina-0,Presidential Candidate Debates,https://www.presidency.ucsb.edu/people/other/presidential-candidate-debates
"October 05, 2000","Vice-Presidential Debate at Centre College in Danville, Kentucky",https://www.presidency.ucsb.edu/documents/vice-presidential-debate-centre-college-danville-kentucky-0,Presidential Candidate Debates,https://www.presidency.ucsb.edu/people/other/presidential-candidate-debates
"October 03, 2000",Presidential Debate in Boston,https://www.presidency.ucsb.edu/documents/presidential-debate-boston,Presidential Candidate Debates,https://www.presidency.ucsb.edu/people/other/presidential-candidate-debates
"March 02, 2000","Republican Presidential Candidates Debate in Los Angeles, California",https://www.presidency.ucsb.edu/documents/republican-presidential-candidates-debate-los-angeles-california,Presidential Candidate Debates,https://www.presidency.ucsb.edu/people/other/presidential-candidate-debates
"March 01, 2000","Democratic Presidential Candidates Debate in Los Angeles, California",https://www.presidency.ucsb.edu/documents/democratic-presidential-candidates-debate-los-angeles-california-0,Presidential Candidate Debates,https://www.presidency.ucsb.edu/people/other/presidential-candidate-debates
"February 21, 2000",Democratic Presidential Candidates Debate at the Apollo Theater in New York City,https://www.presidency.ucsb.edu/documents/democratic-presidential-candidates-debate-the-apollo-theater-new-york-city,Presidential Candidate Debates,https://www.presidency.ucsb.edu/people/other/presidential-candidate-debates
"February 15, 2000","Republican Presidential Candidates Debate in Columbia, South Carolina",https://www.presidency.ucsb.edu/documents/republican-presidential-candidates-debate-columbia-south-carolina-0,Presidential Candidate Debates,https://www.presidency.ucsb.edu/people/other/presidential-candidate-debates
"January 26, 2000","Republican Presidential Candidates Debate in Manchester, New Hampshire",https://www.presidency.ucsb.edu/documents/republican-presidential-candidates-debate-manchester-new-hampshire-1,Presidential Candidate Debates,https://www.presidency.ucsb.edu/people/other/presidential-candidate-debates
"January 26, 2000","Democratic Presidential Candidates Debate in Manchester, New Hampshire",https://www.presidency.ucsb.edu/documents/democratic-presidential-candidates-debate-manchester-new-hampshire-1,Presidential Candidate Debates,https://www.presidency.ucsb.edu/people/other/presidential-candidate-debates
"January 17, 2000",Iowa Brown & Black Presidential Forum in Des Moines,https://www.presidency.ucsb.edu/documents/iowa-brown-black-presidential-forum-des-moines,Presidential Candidate Debates,https://www.presidency.ucsb.edu/people/other/presidential-candidate-debates
"January 17, 2000","Democratic Presidential Candidates Black-Brown Forum in Des Moines, Iowa",https://www.presidency.ucsb.edu/documents/democratic-presidential-candidates-black-brown-forum-des-moines-iowa,Presidential Candidate Debates,https://www.presidency.ucsb.edu/people/other/presidential-candidate-debates
"January 15, 2000","Republican Presidential Candidates Debate in Johnston, Iowa",https://www.presidency.ucsb.edu/documents/republican-presidential-candidates-debate-johnston-iowa,Presidential Candidate Debates,https://www.presidency.ucsb.edu/people/other/presidential-candidate-debates
"January 10, 2000","Republican Presidential Candidates Debate at Calvin College in Grand Rapids, Michigan",https://www.presidency.ucsb.edu/documents/republican-presidential-candidates-debate-calvin-college-grand-rapids-michigan,Presidential Candidate Debates,https://www.presidency.ucsb.edu/people/other/presidential-candidate-debates
"January 10, 2000","Republican Presidential Candidates Debate at Calvin College in Grand Rapids, Michigan",https://www.presidency.ucsb.edu/documents/republican-presidential-candidates-debate-calvin-college-grand-rapids-michigan-0,Presidential Candidate Debates,https://www.presidency.ucsb.edu/people/other/presidential-candidate-debates
"January 08, 2000","Democratic Presidential Candidates Debate in Des Moines, Iowa",https://www.presidency.ucsb.edu/documents/democratic-presidential-candidates-debate-des-moines-iowa,Presidential Candidate Debates,https://www.presidency.ucsb.edu/people/other/presidential-candidate-debates
"January 07, 2000","Republican Presidential Candidates Debate in Columbia, South Carolina",https://www.presidency.ucsb.edu/documents/republican-presidential-candidates-debate-columbia-south-carolina,Presidential Candidate Debates,https://www.presidency.ucsb.edu/people/other/presidential-candidate-debates
"January 06, 2000","Republican Candidates Debate in Durham, New Hampshire",https://www.presidency.ucsb.edu/documents/republican-candidates-debate-durham-new-hampshire,Presidential Candidate Debates,https://www.presidency.ucsb.edu/people/other/presidential-candidate-debates
"January 05, 2000","Democratic Candidates Debate in Durham, New Hampshire",https://www.presidency.ucsb.edu/documents/democratic-candidates-debate-durham-new-hampshire-0,Presidential Candidate Debates,https://www.presidency.ucsb.edu/people/other/presidential-candidate-debates
"December 19, 1999","Democratic Presidential Candidates Debate on NBC News ""Meet the Press""",https://www.presidency.ucsb.edu/documents/democratic-presidential-candidates-debate-nbc-news-meet-the-press,Presidential Candidate Debates,https://www.presidency.ucsb.edu/people/other/presidential-candidate-debates
"December 17, 1999","Democratic Presidential Candidates Town Hall in Nashua, New Hampshire",https://www.presidency.ucsb.edu/documents/democratic-presidential-candidates-town-hall-nashua-new-hampshire,Presidential Candidate Debates,https://www.presidency.ucsb.edu/people/other/presidential-candidate-debates
"December 13, 1999","Republican Presidential Candidates Debate in Des Monies, Iowa",https://www.presidency.ucsb.edu/documents/republican-presidential-candidates-debate-des-monies-iowa,Presidential Candidate Debates,https://www.presidency.ucsb.edu/people/other/presidential-candidate-debates
"December 06, 1999","Republican Presidential Candidates Debate in Phoenix, Arizona",https://www.presidency.ucsb.edu/documents/republican-presidential-candidates-debate-phoenix-arizona,Presidential Candidate Debates,https://www.presidency.ucsb.edu/people/other/presidential-candidate-debates
"December 02, 1999","Republican Presidential Candidates Debate in Manchester, New Hampshire",https://www.presidency.ucsb.edu/documents/republican-presidential-candidates-debate-manchester-new-hampshire-0,Presidential Candidate Debates,https://www.presidency.ucsb.edu/people/other/presidential-candidate-debates
"November 21, 1999","Republican Candidates Debate in Tempe, Arizona",https://www.presidency.ucsb.edu/documents/republican-candidates-debate-tempe-arizona,Presidential Candidate Debates,https://www.presidency.ucsb.edu/people/other/presidential-candidate-debates
"October 28, 1999","Republican Presidential Candidates Town Hall at Dartmouth College in Hanover, New Hampshire",https://www.presidency.ucsb.edu/documents/republican-presidential-candidates-town-hall-dartmouth-college-hanover-new-hampshire,Presidential Candidate Debates,https://www.presidency.ucsb.edu/people/other/presidential-candidate-debates
"October 27, 1999","Democratic Presidential Candidates Town Hall at Dartmouth College in Hanover, New Hampshire",https://www.presidency.ucsb.edu/documents/democratic-presidential-candidates-town-hall-dartmouth-college-hanover-new-hampshire,Presidential Candidate Debates,https://www.presidency.ucsb.edu/people/other/presidential-candidate-debates
"October 22, 1999","Republican Presidential Candidates Forum in Durham, New Hampshire",https://www.presidency.ucsb.edu/documents/republican-presidential-candidates-forum-durham-new-hampshire,Presidential Candidate Debates,https://www.presidency.ucsb.edu/people/other/presidential-candidate-debates
"October 16, 1996",Presidential Debate in San Diego,https://www.presidency.ucsb.edu/documents/presidential-debate-san-diego,William J. Clinton,https://www.presidency.ucsb.edu/people/president/william-j-clinton
"October 09, 1996","Vice Presidential Debate in St. Petersburg, Florida",https://www.presidency.ucsb.edu/documents/vice-presidential-debate-st-petersburg-florida,Presidential Candidate Debates,https://www.presidency.ucsb.edu/people/other/presidential-candidate-debates
"October 06, 1996",Presidential Debate in Hartford,https://www.presidency.ucsb.edu/documents/presidential-debate-hartford,William J. Clinton,https://www.presidency.ucsb.edu/people/president/william-j-clinton
"January 13, 1996","Republican Presidential Candidates Forum in Des Moines, Iowa",https://www.presidency.ucsb.edu/documents/republican-presidential-candidates-forum-des-moines-iowa,Presidential Candidate Debates,https://www.presidency.ucsb.edu/people/other/presidential-candidate-debates
"October 19, 1992","Presidential Debate in East Lansing, Michigan",https://www.presidency.ucsb.edu/documents/presidential-debate-east-lansing-michigan,George Bush,https://www.presidency.ucsb.edu/people/president/george-bush
"October 15, 1992",Presidential Debate at the University of Richmond,https://www.presidency.ucsb.edu/documents/presidential-debate-the-university-richmond,George Bush,https://www.presidency.ucsb.edu/people/president/george-bush
"October 13, 1992","Vice Presidential Debate in Atlanta, Georgia",https://www.presidency.ucsb.edu/documents/vice-presidential-debate-atlanta-georgia,Presidential Candidate Debates,https://www.presidency.ucsb.edu/people/other/presidential-candidate-debates
"October 11, 1992",Presidential Debate in St. Louis,https://www.presidency.ucsb.edu/documents/presidential-debate-st-louis,George Bush,https://www.presidency.ucsb.edu/people/president/george-bush
"October 13, 1988",Presidential Debate at the University of California in Los Angeles,https://www.presidency.ucsb.edu/documents/presidential-debate-the-university-california-los-angeles,Presidential Candidate Debates,https://www.presidency.ucsb.edu/people/other/presidential-candidate-debates
"October 05, 1988","Vice Presidential Debate in Omaha, Nebraska",https://www.presidency.ucsb.edu/documents/vice-presidential-debate-omaha-nebraska,Presidential Candidate Debates,https://www.presidency.ucsb.edu/people/other/presidential-candidate-debates
"September 25, 1988","Presidential Debate in Winston-Salem, North Carolina",https://www.presidency.ucsb.edu/documents/presidential-debate-winston-salem-north-carolina,Presidential Candidate Debates,https://www.presidency.ucsb.edu/people/other/presidential-candidate-debates
"October 21, 1984","Debate Between the President and Former Vice President Walter F. Mondale in Kansas City, Missouri",https://www.presidency.ucsb.edu/documents/debate-between-the-president-and-former-vice-president-walter-f-mondale-kansas-city,Ronald Reagan,https://www.presidency.ucsb.edu/people/president/ronald-reagan
"October 11, 1984","Vice Presidential Debate in Philadelphia, Pennsylvania",https://www.presidency.ucsb.edu/documents/vice-presidential-debate-philadelphia-pennsylvania,Presidential Candidate Debates,https://www.presidency.ucsb.edu/people/other/presidential-candidate-debates
"October 07, 1984","Debate Between the President and Former Vice President Walter F. Mondale in Louisville, Kentucky",https://www.presidency.ucsb.edu/documents/debate-between-the-president-and-former-vice-president-walter-f-mondale-louisville,Ronald Reagan,https://www.presidency.ucsb.edu/people/president/ronald-reagan
"March 28, 1984",Democratic Presidential Candidates Debate at Columbia University in New York City,https://www.presidency.ucsb.edu/documents/democratic-presidential-candidates-debate-columbia-university-new-york-city,Presidential Candidate Debates,https://www.presidency.ucsb.edu/people/other/presidential-candidate-debates
"October 28, 1980",Presidential Debate in Cleveland,https://www.presidency.ucsb.edu/documents/presidential-debate-cleveland,Jimmy Carter,https://www.presidency.ucsb.edu/people/president/jimmy-carter
"September 21, 1980",Presidential Debate in Baltimore (Reagan-Anderson),https://www.presidency.ucsb.edu/documents/presidential-debate-baltimore-reagan-anderson,Presidential Candidate Debates,https://www.presidency.ucsb.edu/people/other/presidential-candidate-debates
"October 22, 1976",Presidential Campaign Debate,https://www.presidency.ucsb.edu/documents/presidential-campaign-debate-0,Gerald R. Ford,https://www.presidency.ucsb.edu/people/president/gerald-r-ford
"October 15, 1976","Vice Presidential Debate in Houston, Texas",https://www.presidency.ucsb.edu/documents/vice-presidential-debate-houston-texas,Presidential Candidate Debates,https://www.presidency.ucsb.edu/people/other/presidential-candidate-debates
"October 06, 1976",Presidential Campaign Debate,https://www.presidency.ucsb.edu/documents/presidential-campaign-debate,Gerald R. Ford,https://www.presidency.ucsb.edu/people/president/gerald-r-ford
"September 23, 1976",Presidential Campaign Debate,https://www.presidency.ucsb.edu/documents/presidential-campaign-debate-1,Gerald R. Ford,https://www.presidency.ucsb.edu/people/president/gerald-r-ford
"October 21, 1960",Presidential Debate in New York,https://www.presidency.ucsb.edu/documents/presidential-debate-new-york,Presidential Candidate Debates,https://www.presidency.ucsb.edu/people/other/presidential-candidate-debates
"October 13, 1960",Presidential Debate Broadcast from New York and Los Angeles,https://www.presidency.ucsb.edu/documents/presidential-debate-broadcast-from-new-york-and-los-angeles,Presidential Candidate Debates,https://www.presidency.ucsb.edu/people/other/presidential-candidate-debates
"October 07, 1960","Presidential Debate in Washington, DC",https://www.presidency.ucsb.edu/documents/presidential-debate-washington-dc,Presidential Candidate Debates,https://www.presidency.ucsb.edu/people/other/presidential-candidate-debates
"September 26, 1960",Presidential Debate in Chicago,https://www.presidency.ucsb.edu/documents/presidential-debate-chicago,Presidential Candidate Debates,https://www.presidency.ucsb.edu/people/other/presidential-candidate-debates
